,SP500,Temp,INDPRO
1950-01-31,2.8361502037295256,-0.2,14.0049
1950-02-28,2.8460714989995846,-0.21,14.0586
1950-03-31,2.850128299695199,-0.06,14.5156
1950-04-30,2.8942531046041373,-0.17,14.9995
1950-05-31,2.932792473780117,0.01,15.3489
1950-06-30,2.872999508171694,-0.01,15.8059
1950-07-31,2.8814431271518632,-0.06,16.3166
1950-08-31,2.913437030827161,-0.09,16.8274
1950-09-30,2.9678470700644555,-0.08,16.7198
1950-10-31,2.9719517448885875,-0.19,16.8273
1950-11-30,2.97092715463502,-0.29,16.8005
1950-12-31,3.0160249768217535,-0.21,17.0962
1951-01-31,3.0754672415728446,-0.32,17.1499
1951-02-28,3.0819099697950434,-0.38,17.2575
1951-03-31,3.0633909220278057,-0.12,17.3381
1951-04-30,3.110399348532117,-0.15,17.365
1951-05-31,3.0689827352935835,0.03,17.3112
1951-06-30,3.0426158594528414,0.04,17.2306
1951-07-31,3.109060958860994,0.04,16.9618
1951-08-31,3.147594622863237,0.1,16.8005
1951-09-30,3.1467351470905185,0.14,16.908
1951-10-31,3.1328821117012247,0.13,16.8811
1951-11-30,3.130263166511597,0.0,17.0155
1951-12-31,3.1684242813721024,0.18,17.123
1952-01-31,3.1838702156693857,0.15,17.3112
1952-02-29,3.1467351470905185,0.12,17.4187
1952-03-31,3.193352867637115,-0.02,17.4725
1952-04-30,3.1493113614822916,0.09,17.3112
1952-05-31,3.17220341666977,0.01,17.1499
1952-06-30,3.217274543501227,0.01,16.9886
1952-07-31,3.2347491740244907,0.06,16.7198
1952-08-31,3.2200751054436827,0.07,17.7951
1952-09-30,3.2003044392827653,0.07,18.4402
1952-10-31,3.1994891110680106,0.04,18.6284
1952-11-30,3.2449333591874905,-0.07,19.0047
1952-12-31,3.279782759771722,0.03,19.1122
1953-01-31,3.2726061472891685,0.09,19.166
1953-02-28,3.254242968705492,0.17,19.2735
1953-03-31,3.2304090606818736,0.17,19.4348
1953-04-30,3.2035591207563074,0.27,19.5154
1953-05-31,3.2003044392827653,0.17,19.6229
1953-06-30,3.1838702156693857,0.18,19.5423
1953-07-31,3.2088254890146994,0.01,19.7842
1953-08-31,3.1493113614822916,0.03,19.6767
1953-09-30,3.150596984114906,0.01,19.2735
1953-10-31,3.2003044392827653,0.1,19.1122
1953-11-30,3.2092294478163956,-0.01,18.6553
1953-12-31,3.21124679770371,0.05,18.1983
1954-01-31,3.261168737058452,-0.17,18.0639
1954-02-28,3.263849190510932,-0.05,18.1176
1954-03-31,3.293612170982218,-0.12,18.0101
1954-04-30,3.3414473772563813,-0.15,17.9026
1954-05-31,3.3738261848660236,-0.17,18.0101
1954-06-30,3.3745111163996495,-0.09,18.0639
1954-07-31,3.4301087251565754,-0.08,18.0907
1954-08-31,3.395514598526657,-0.11,18.0639
1954-09-30,3.475376779836407,-0.09,18.0908
1954-10-31,3.455685566946225,-0.02,18.3058
1954-11-30,3.5333945512735414,0.04,18.6015
1954-12-31,3.582963228522387,-0.12,18.8434
1955-01-31,3.6008675767907232,0.13,19.2735
1955-02-28,3.6044102974874863,-0.18,19.5154
1955-03-31,3.5995016429627196,-0.29,19.9724
1955-04-30,3.636532973741727,-0.2,20.2143
1955-05-31,3.635214929528243,-0.14,20.5369
1955-06-30,3.714303506454095,-0.11,20.5638
1955-07-31,3.773220602547687,-0.09,20.7251
1955-08-31,3.7653774250866614,0.04,20.6982
1955-09-30,3.7766613674974696,-0.07,20.8326
1955-10-31,3.745732265706719,-0.06,21.182
1955-11-30,3.8179320820285505,-0.23,21.2358
1955-12-31,3.8172726688823353,-0.27,21.3164
1956-01-31,3.7800903341673204,-0.08,21.4508
1956-02-29,3.814189645079383,-0.16,21.2627
1956-03-31,3.881151341761059,-0.14,21.2627
1956-04-30,3.8790865051818813,-0.24,21.424
1956-05-31,3.8110970868381857,-0.26,21.2358
1956-06-30,3.8495091000389037,-0.16,21.0476
1956-07-31,3.8997479745525334,-0.1,20.4025
1956-08-31,3.86094021519883,-0.25,21.2358
1956-09-30,3.814410176561146,-0.19,21.7197
1956-10-31,3.819469023817538,-0.24,21.9078
1956-11-30,3.8084386891715756,-0.13,21.7197
1956-12-31,3.8431015599617244,-0.02,22.0422
1957-01-31,3.8004208288468435,-0.04,21.9616
1957-02-28,3.7672284205249125,-0.07,22.1766
1957-03-31,3.786686514116848,-0.07,22.1498
1957-04-30,3.822973188594635,0.05,21.8541
1957-05-31,3.85925493988949,0.1,21.7734
1957-06-30,3.85798911693566,0.18,21.8272
1957-07-31,3.8693242508950307,0.07,21.9616
1957-08-31,3.811539466849824,0.16,21.9616
1957-09-30,3.7476199491365363,0.12,21.7734
1957-10-31,3.7150344115907874,0.05,21.4508
1957-11-30,3.7309806301325716,0.06,20.9401
1957-12-31,3.688629422858727,0.11,20.5369
1958-01-31,3.730501128804756,0.36,20.1606
1958-02-28,3.7096619932964647,0.2,19.7305
1958-03-31,3.7400477406883357,0.14,19.4885
1958-04-30,3.77138067562568,0.07,19.166
1958-05-31,3.7862329993698465,0.09,19.3541
1958-06-30,3.81198165124792,0.04,19.8649
1958-07-31,3.8541820057382963,0.12,20.1606
1958-08-31,3.865979066926739,0.02,20.5638
1958-09-30,3.913222286003628,-0.02,20.752
1958-10-31,3.9382753765722116,0.03,20.9939
1958-11-30,3.9604321446358335,0.0,21.6121
1958-12-31,4.011144096295953,0.09,21.639
1959-01-31,4.014940539434832,0.13,21.9616
1959-02-28,4.014760082879258,0.1,22.3917
1959-03-31,4.015301354881648,0.21,22.7142
1959-04-30,4.053348941518581,0.15,23.1981
1959-05-31,4.072098953274781,0.09,23.5476
1959-06-30,4.068513802187579,0.1,23.5744
1959-07-31,4.10280864063423,0.09,23.0099
1959-08-31,4.087655574071304,0.05,22.2304
1959-09-30,4.040943785494986,0.02,22.2035
1959-10-31,4.052132713412791,0.0,22.0422
1959-11-30,4.065258981327004,-0.04,22.1766
1959-12-31,4.092509546276371,0.03,23.5475
1960-01-31,4.018363041199472,0.05,24.1658
1960-02-29,4.02749225523426,0.16,23.9508
1960-03-31,4.01349597435878,-0.24,23.7357
1960-04-30,3.995812531157829,-0.11,23.5476
1960-05-31,4.022311359322269,-0.06,23.5207
1960-06-30,4.041646773221651,-0.01,23.225
1960-07-31,4.01656318470207,0.01,23.1443
1960-08-31,4.04234926710372,0.05,23.1175
1960-09-30,3.9800554158199732,0.08,22.8755
1960-10-31,3.9776234625120948,0.05,22.8487
1960-11-30,4.017103481878653,-0.12,22.5261
1960-12-31,4.062337766087015,0.24,22.096
1961-01-31,4.123579687490436,0.11,22.1229
1961-02-28,4.150094577326593,0.17,22.096
1961-03-31,4.175309921045206,0.11,22.2304
1961-04-30,4.179145163914566,0.15,22.6874
1961-05-31,4.198103796512953,0.14,23.0368
1961-06-30,4.16883341421284,0.13,23.3594
1961-07-31,4.2011040987936346,0.07,23.6282
1961-08-31,4.22053658745986,0.06,23.8432
1961-09-30,4.200654626915515,0.07,23.8164
1961-10-31,4.228584037430304,-0.01,24.2733
1961-11-30,4.267176792994939,0.03,24.6497
1961-12-31,4.27039650600246,-0.11,24.8647
1962-01-31,4.231784971343338,0.06,24.6496
1962-02-28,4.247923650150401,0.16,25.0529
1962-03-31,4.242045918369452,0.17,25.1873
1962-04-30,4.178072777752813,0.05,25.241
1962-05-31,4.0881588031350145,-0.04,25.2141
1962-06-30,4.00277736869661,0.03,25.1604
1962-07-31,4.064400685849028,0.03,25.4023
1962-08-31,4.079569276639947,0.0,25.4292
1962-09-30,4.030161533445187,0.03,25.5905
1962-10-31,4.034594557816327,0.03,25.6174
1962-11-30,4.131319165013462,0.11,25.7249
1962-12-31,4.144720769547168,0.03,25.7249
1963-01-31,4.192680462942962,0.02,25.913
1963-02-28,4.163404098153595,0.21,26.2088
1963-03-31,4.198254025612612,-0.11,26.37
1963-04-30,4.2456340097683265,-0.03,26.612
1963-05-31,4.259859000699674,-0.04,26.9345
1963-06-30,4.23945449739721,0.03,27.0152
1963-07-31,4.235988789957173,0.08,26.9076
1963-08-31,4.283586561860629,0.2,26.9614
1963-09-30,4.272490747605575,0.17,27.2302
1963-10-31,4.304200219209375,0.13,27.4184
1963-11-30,4.2936051730729785,0.11,27.5528
1963-12-31,4.317754744653741,0.05,27.499
1964-01-31,4.34432476748987,-0.05,27.7409
1964-02-29,4.354141431184346,-0.11,27.9291
1964-03-31,4.369194655858504,-0.22,27.9291
1964-04-30,4.375253750386452,-0.27,28.3861
1964-05-31,4.386640972224627,-0.2,28.5474
1964-06-30,4.4029315953537775,-0.03,28.628
1964-07-31,4.421006934314765,-0.03,28.8162
1964-08-31,4.4046439245392905,-0.12,29.0043
1964-09-30,4.432957363342425,-0.24,29.1119
1964-10-31,4.441002839774179,-0.28,28.7087
1964-11-30,4.435804340354353,-0.24,29.5957
1964-12-31,4.43970574626056,-0.24,29.9452
1965-01-31,4.472324272654662,-0.07,30.2677
1965-02-28,4.470838473192799,-0.16,30.4559
1965-03-31,4.456206032848133,-0.12,30.8591
1965-04-30,4.4898715616246285,-0.17,30.9935
1965-05-31,4.482098188398097,-0.11,31.2354
1965-06-30,4.432244350834499,-0.08,31.4774
1965-07-31,4.445588116163626,-0.07,31.7731
1965-08-31,4.467860235023485,-0.02,31.9075
1965-09-30,4.499365127091115,-0.07,31.9881
1965-10-31,4.5263434054421205,0.01,32.3107
1965-11-30,4.517540436027117,0.0,32.4451
1965-12-31,4.526451601276686,-0.04,32.8483
1966-01-31,4.531308337389636,-0.14,33.1709
1966-02-28,4.5132741712835545,-0.03,33.3859
1966-03-31,4.49121730591206,0.0,33.8429
1966-04-30,4.511518629906636,-0.11,33.8967
1966-05-31,4.455857782801083,-0.05,34.2192
1966-06-30,4.439587745198413,0.04,34.3805
1966-07-31,4.426043520090656,0.13,34.5687
1966-08-31,4.345103280569283,-0.02,34.5955
1966-09-30,4.338074747144699,0.01,34.9181
1966-10-31,4.384523514872469,-0.14,35.16
1966-11-30,4.387635873438392,-0.03,34.9181
1966-12-31,4.386143150185721,-0.02,34.9987
1967-01-31,4.461415282342953,-0.09,35.1638
1967-02-28,4.463376180370204,-0.19,34.765
1967-03-31,4.502029427068578,0.04,34.5691
1967-04-30,4.543401159590459,-0.02,34.8951
1967-05-31,4.489534842389167,0.19,34.5907
1967-06-30,4.506895616719751,0.0,34.5863
1967-07-31,4.5512418439625355,0.02,34.5076
1967-08-31,4.53945764262271,0.03,35.1687
1967-09-30,4.571716809728872,0.01,35.1116
1967-10-31,4.542230386214217,0.12,35.3976
1967-11-30,4.543294782270004,-0.05,35.9038
1967-12-31,4.569232079182462,0.02,36.2905
1968-01-31,4.524393875960803,-0.21,36.2514
1968-02-29,4.492673154760945,-0.13,36.3813
1968-03-31,4.502029427068578,0.17,36.4949
1968-04-30,4.5807750291533695,-0.04,36.5477
1968-05-31,4.591882291661156,-0.07,36.9577
1968-06-30,4.600961341214036,-0.02,37.0934
1968-07-31,4.582310891842009,-0.09,37.0366
1968-08-31,4.593704707878813,-0.01,37.1399
1968-09-30,4.6315199613108735,-0.09,37.2806
1968-10-31,4.638701669196884,0.05,37.3546
1968-11-30,4.685551297934904,-0.1,37.8378
1968-12-31,4.6430438384161725,-0.11,37.9573
1969-01-31,4.634826070895602,-0.06,38.1869
1969-02-28,4.586293130218402,-0.06,38.4313
1969-03-31,4.62015731579634,0.08,38.7326
1969-04-30,4.6414056785701865,0.18,38.5901
1969-05-31,4.639185064575369,0.22,38.4443
1969-06-30,4.582003907956252,0.1,38.8198
1969-07-31,4.519939041625431,0.03,39.0248
1969-08-31,4.5592309540466465,0.06,39.1145
1969-09-30,4.533888983983128,0.11,39.1057
1969-10-31,4.577182149447922,0.13,39.1171
1969-11-30,4.541271460137859,0.14,38.7484
1969-12-31,4.5224405383890955,0.29,38.6444
1970-01-31,4.442886522930644,0.17,37.9288
1970-02-28,4.4942386252808095,0.21,37.9038
1970-03-31,4.4956900853692705,0.11,37.8546
1970-04-30,4.400848388914469,0.1,37.7573
1970-05-31,4.337944122103693,0.02,37.7133
1970-06-30,4.286616449869223,0.02,37.5913
1970-07-31,4.357349646961441,0.05,37.6836
1970-08-31,4.400848388914469,-0.05,37.6164
1970-09-30,4.433313679041901,0.1,37.3571
1970-10-31,4.421848128860553,0.01,36.6098
1970-11-30,4.468204330914934,0.02,36.3881
1970-12-31,4.523417684115833,-0.1,37.2237
1971-01-31,4.563097409566184,-0.04,37.5101
1971-02-28,4.572130331909891,-0.15,37.4386
1971-03-31,4.608265390895394,-0.1,37.398
1971-04-30,4.643910014304022,-0.06,37.608
1971-05-31,4.601463324056765,-0.01,37.7989
1971-06-30,4.602165676967792,-0.09,37.9574
1971-07-31,4.559963593150012,-0.03,37.8472
1971-08-31,4.5954228345332115,0.0,37.6276
1971-09-30,4.5884308619837935,0.04,38.2391
1971-10-31,4.545738602218665,-0.08,38.5253
1971-11-30,4.54318839363221,-0.1,38.6888
1971-12-31,4.625854777180924,-0.07,39.1355
1972-01-31,4.643813809580296,-0.19,40.0728
1972-02-29,4.668802046232865,-0.13,40.4789
1972-03-31,4.674696248636701,0.08,40.761
1972-04-30,4.679070993827626,0.06,41.1654
1972-05-31,4.696198484335655,0.0,41.1693
1972-06-30,4.674136390452814,0.12,41.2778
1972-07-31,4.676467067870125,0.07,41.2389
1972-08-31,4.710340683593631,0.2,41.805
1972-09-30,4.705467907303455,0.09,42.1288
1972-10-31,4.714741822417382,0.11,42.6703
1972-11-30,4.759349436835766,0.03,43.1755
1972-12-31,4.771108263531522,0.23,43.6617
1973-01-31,4.753848778359454,0.31,43.9783
1973-02-28,4.715637639014062,0.34,44.6103
1973-03-31,4.714203947012214,0.29,44.6294
1973-04-30,4.672548421318039,0.33,44.568
1973-05-31,4.653484046266642,0.28,44.8608
1973-06-30,4.64688777933996,0.27,44.9186
1973-07-31,4.684166192214589,0.15,45.085
1973-08-31,4.646791860678911,0.1,45.0221
1973-09-30,4.68610480348409,0.13,45.3801
1973-10-31,4.6848128136402885,0.1,45.7462
1973-11-30,4.563931437971494,0.04,45.9548
1973-12-31,4.5803650670691205,0.0,45.8252
1974-01-31,4.570268133978827,-0.08,45.5207
1974-02-28,4.5666372362713075,-0.26,45.3825
1974-03-31,4.54308199367467,-0.06,45.3798
1974-04-30,4.503248196262708,-0.07,45.247
1974-05-31,4.469121341524815,0.01,45.6083
1974-06-30,4.454347296253507,0.0,45.5216
1974-07-31,4.373364224095228,0.01,45.6136
1974-08-31,4.27874728521988,0.11,45.1303
1974-09-30,4.15166962884137,-0.05,45.1377
1974-10-31,4.302712827954156,-0.02,44.995
1974-11-30,4.248066578757805,-0.1,43.5148
1974-12-31,4.227709274289524,-0.1,41.9503
1975-01-31,4.3435456478556,0.05,41.3689
1975-02-28,4.401706705440709,0.1,40.4252
1975-03-31,4.423168578005057,0.16,39.9804
1975-04-30,4.469350462845557,0.09,40.0572
1975-05-31,4.512506501124672,0.15,39.9402
1975-06-30,4.555874894263214,0.08,40.1927
1975-07-31,4.485823428355525,0.02,40.6115
1975-08-31,4.464527856185625,-0.09,41.0114
1975-09-30,4.42926798099632,0.02,41.5422
1975-10-31,4.489085706967289,-0.15,41.7224
1975-11-30,4.5134933974161875,-0.19,41.7797
1975-12-31,4.501918556177617,-0.12,42.3462
1976-01-31,4.6137334166485795,-0.02,42.9082
1976-02-29,4.602265972840701,-0.08,43.3407
1976-03-31,4.632493481636982,-0.16,43.4281
1976-04-30,4.621437158451963,-0.02,43.6518
1976-05-31,4.606968567929471,-0.18,43.8315
1976-06-30,4.647079589065301,-0.07,43.8775
1976-07-31,4.638991734463602,0.0,44.1248
1976-08-31,4.6338548198480005,-0.04,44.4262
1976-09-30,4.656243456172092,0.02,44.5711
1976-10-31,4.633757642840004,-0.21,44.56
1976-11-30,4.625952725170619,-0.05,45.2454
1976-12-31,4.677118685300675,0.16,45.731
1977-01-31,4.625266887687213,0.25,45.4156
1977-02-28,4.603368564041463,0.2,46.1358
1977-03-31,4.589244035437832,0.23,46.7158
1977-04-30,4.589447225522855,0.26,47.1719
1977-05-31,4.565597410868269,0.31,47.541
1977-06-30,4.609958702719888,0.28,47.9063
1977-07-31,4.593603549616626,0.22,47.9714
1977-08-31,4.572337028892851,0.23,48.0157
1977-09-30,4.569853840860524,0.12,48.2097
1977-10-31,4.525477417078843,0.07,48.2839
1977-11-30,4.552085814895636,0.19,48.3755
1977-12-31,4.554928969551344,0.1,48.4573
1978-01-31,4.491441420659749,0.12,47.7512
1978-02-28,4.466367783107633,0.16,48.0098
1978-03-31,4.490993140925692,0.21,48.9358
1978-04-30,4.57295686362344,0.15,49.9074
1978-05-31,4.577696208987336,0.11,50.1513
1978-06-30,4.559440334281917,0.04,50.4751
1978-07-31,4.611947170267115,0.09,50.4371
1978-08-31,4.637540566018542,-0.07,50.6393
1978-09-30,4.630252966355554,0.1,50.7631
1978-10-31,4.5342110970475975,0.06,51.1523
1978-11-30,4.550714000192032,0.18,51.5456
1978-12-31,4.565493368835193,0.13,51.806
1979-01-31,4.604469940873698,0.16,51.525
1979-02-28,4.567260612914871,-0.04,51.778
1979-03-31,4.620945105103454,0.18,51.9382
1979-04-30,4.622617099591812,0.1,51.3251
1979-05-31,4.595927604621159,0.14,51.7782
1979-06-30,4.6338548198480005,0.19,51.7865
1979-07-31,4.642562305205154,0.12,51.7029
1979-08-31,4.694279361059867,0.21,51.3658
1979-09-30,4.694279361059867,0.28,51.3623
1979-10-31,4.62320654847419,0.28,51.7175
1979-11-30,4.664947390023952,0.28,51.6341
1979-12-31,4.681575517190497,0.51,51.6694
1980-01-31,4.737600973168581,0.37,51.944
1980-02-29,4.733211535868976,0.46,51.9633
1980-03-31,4.625854777180924,0.35,51.7454
1980-04-30,4.66617120754549,0.35,50.7197
1980-05-31,4.711690029365764,0.39,49.4766
1980-06-30,4.738301498591274,0.27,48.8383
1980-07-31,4.801312461799358,0.31,48.4907
1980-08-31,4.807130958034395,0.28,48.6456
1980-09-30,4.831986982668597,0.25,49.4578
1980-10-31,4.84788104279483,0.19,50.0861
1980-11-30,4.945349827397626,0.26,50.9209
1980-12-31,4.910888620925971,0.23,51.257
1981-01-31,4.8640669070081195,0.52,50.9328
1981-02-28,4.877256270815316,0.43,50.7237
1981-03-31,4.912654885736052,0.47,50.9806
1981-04-30,4.8889195354121595,0.34,50.7661
1981-05-31,4.887261660126628,0.28,51.0552
1981-06-30,4.876799093117625,0.33,51.3214
1981-07-31,4.87458644963298,0.32,51.6555
1981-08-31,4.810475579172421,0.35,51.5903
1981-09-30,4.755140712564386,0.22,51.3429
1981-10-31,4.803118998667745,0.25,50.9463
1981-11-30,4.839055833834204,0.29,50.3546
1981-12-31,4.808519109974122,0.46,49.8086
1982-01-31,4.79081953287472,0.1,48.7877
1982-02-28,4.7283607965432894,0.21,49.7839
1982-03-31,4.718141664647253,0.05,49.4477
1982-04-30,4.757376118877422,0.15,48.9913
1982-05-31,4.717426868333759,0.18,48.6669
1982-06-30,4.696928611227632,0.1,48.5415
1982-07-31,4.673669602412784,0.19,48.3775
1982-08-31,4.783400049878789,0.11,47.9382
1982-09-30,4.790985632036302,0.2,47.8139
1982-10-31,4.895673275626574,0.17,47.3575
1982-11-30,4.931159092594459,0.16,47.2078
1982-12-31,4.946203433936867,0.44,46.8713
1983-01-31,4.9788005705762375,0.49,47.7398
1983-02-28,4.997617597014952,0.46,47.4484
1983-03-31,5.030176449303092,0.42,47.8426
1983-04-30,5.102424129723987,0.28,48.4483
1983-05-31,5.090000849476996,0.37,48.747
1983-06-30,5.124618527044968,0.3,49.0434
1983-07-31,5.091047164390117,0.23,49.7739
1983-08-31,5.10230248262208,0.37,50.364
1983-09-30,5.112409386218662,0.42,51.0937
1983-10-31,5.097118753984393,0.22,51.4902
1983-11-30,5.114394528387108,0.35,51.721
1983-12-31,5.105521141460061,0.23,51.9769
1984-01-31,5.096262380063693,0.3,53.0088
1984-02-29,5.056627897946728,0.2,53.2486
1984-03-31,5.070035637377703,0.31,53.5028
1984-04-30,5.075486266415872,0.12,53.8233
1984-05-31,5.014295254927743,0.36,54.1104
1984-06-30,5.031613700481447,0.11,54.3075
1984-07-31,5.015025642397549,0.18,54.4587
1984-08-31,5.116075806554253,0.21,54.5239
1984-09-30,5.112590016619249,0.24,54.3696
1984-10-31,5.112529810110908,0.17,54.3474
1984-11-30,5.097302167306828,0.08,54.529
1984-12-31,5.119429906488365,0.02,54.5556
1985-01-31,5.190899179780744,0.28,54.527
1985-02-28,5.1994910122411415,0.04,54.6871
1985-03-31,5.1966168117216975,0.21,54.7673
1985-04-30,5.192011960177106,0.14,54.6467
1985-05-31,5.244652841962344,0.2,54.7396
1985-06-30,5.256713816692962,0.2,54.711
1985-07-31,5.251854492137696,0.04,54.4365
1985-08-31,5.239787424357633,0.17,54.6121
1985-09-30,5.204446150937966,0.17,54.8147
1985-10-31,5.246076254702346,0.13,54.6228
1985-11-30,5.3091089276262355,0.11,54.8123
1985-12-31,5.353184267988877,0.19,55.3553
1986-01-31,5.355548000002308,0.28,55.6453
1986-02-28,5.424597532458367,0.4,55.2634
1986-03-31,5.476045054331764,0.31,54.8728
1986-04-30,5.461795835540512,0.26,54.935
1986-05-31,5.510804337673718,0.27,55.0399
1986-06-30,5.52481528567482,0.17,54.826
1986-07-31,5.464340150372489,0.17,55.167
1986-08-31,5.533112770602694,0.2,55.0726
1986-09-30,5.443802033290018,0.13,55.2237
1986-10-31,5.497086254720592,0.18,55.4589
1986-11-30,5.518336040514722,0.14,55.6763
1986-12-31,5.48963995887241,0.21,56.2078
1987-01-31,5.613420034575809,0.34,55.9911
1987-02-28,5.649678215663,0.39,56.7373
1987-03-31,5.675725876873676,0.2,56.8136
1987-04-30,5.664209699536378,0.26,57.185
1987-05-31,5.670225691127358,0.31,57.5424
1987-06-30,5.717027701406222,0.36,57.8502
1987-07-31,5.764124703662363,0.48,58.2421
1987-08-31,5.7984864101254985,0.31,58.6784
1987-09-30,5.774023455819012,0.4,58.9088
1987-10-31,5.528595406762846,0.33,59.7008
1987-11-30,5.439382806826639,0.26,59.9956
1987-12-31,5.509712170827698,0.45,60.3246
1988-01-31,5.549348421349137,0.55,60.309
1988-02-29,5.59031511306742,0.46,60.6122
1988-03-31,5.556403261059811,0.52,60.7452
1988-04-30,5.56578397649891,0.46,61.108
1988-05-31,5.568955004390559,0.46,60.9843
1988-06-30,5.611301621862036,0.43,61.1615
1988-07-31,5.605875593004607,0.36,61.171
1988-08-31,5.566510762415955,0.41,61.4771
1988-09-30,5.605471129189412,0.39,61.2785
1988-10-31,5.6311042491582155,0.36,61.5488
1988-11-30,5.612032616046633,0.14,61.7049
1988-12-31,5.626613411885073,0.29,61.9851
1989-01-31,5.695313379564822,0.1,62.1677
1989-02-28,5.665942141673021,0.32,61.8916
1989-03-31,5.686534581246648,0.32,62.0508
1989-04-30,5.735410332336513,0.31,62.0289
1989-05-31,5.76994467690987,0.2,61.6871
1989-06-30,5.761988487720563,0.22,61.6857
1989-07-31,5.846669962204748,0.3,61.0896
1989-08-31,5.862067453621914,0.33,61.6847
1989-09-30,5.8555016292920445,0.39,61.4794
1989-10-31,5.830003880981357,0.32,61.4014
1989-11-30,5.846409872905957,0.17,61.6081
1989-12-31,5.867600559885596,0.41,61.9588
1990-01-31,5.79630088230073,0.39,61.6352
1990-02-28,5.804803588714929,0.38,62.1951
1990-03-31,5.828769131449206,0.76,62.4916
1990-04-30,5.801513963149536,0.61,62.3511
1990-05-31,5.889514874572237,0.52,62.5353
1990-06-30,5.880588850762045,0.39,62.7479
1990-07-31,5.875351990424363,0.42,62.6435
1990-08-31,5.776289165442949,0.35,62.8704
1990-09-30,5.723748487297079,0.32,62.8839
1990-10-31,5.717027701406222,0.42,62.4973
1990-11-30,5.775234542062841,0.41,61.7175
1990-12-31,5.799759099003687,0.42,61.2885
1991-01-31,5.840438148294737,0.4,61.0842
1991-02-28,5.905552565561653,0.5,60.6387
1991-03-31,5.927512520615465,0.37,60.2973
1991-04-30,5.927858924019011,0.52,60.4524
1991-05-31,5.965710746656891,0.42,61.0587
1991-06-30,5.916633236484978,0.55,61.5514
1991-07-31,5.960515528963966,0.48,61.7201
1991-08-31,5.979973780392484,0.42,61.7289
1991-09-30,5.960644449768095,0.42,62.2369
1991-10-31,5.9724346212011765,0.33,62.1718
1991-11-30,5.927512520615465,0.3,62.0894
1991-12-31,6.0333020258495615,0.29,61.806
1992-01-31,6.0132015767507685,0.44,61.4823
1992-02-29,6.022720936758536,0.43,61.9192
1992-03-31,6.000647256682635,0.47,62.4403
1992-04-30,6.028158031044457,0.29,62.9199
1992-05-31,6.0291215382850805,0.34,63.1268
1992-06-30,6.011610252800939,0.3,63.1624
1992-07-31,6.050228615638675,0.14,63.7348
1992-08-31,6.025938434968058,0.11,63.3802
1992-09-30,6.035002849122465,0.04,63.5834
1992-10-31,6.0371069049866835,0.06,64.0178
1992-11-30,6.066919825522588,0.05,64.2628
1992-12-31,6.076976884432196,0.2,64.3599
1993-01-31,6.083998148510915,0.33,64.6135
1993-02-28,6.094427190165807,0.39,64.9262
1993-03-31,6.11295182469226,0.37,64.8627
1993-04-30,6.087206451887485,0.32,65.0423
1993-05-31,6.109669715875867,0.3,64.8006
1993-06-30,6.110424667506004,0.31,64.9476
1993-07-31,6.105083368892755,0.27,65.1142
1993-08-31,6.138935826466191,0.18,65.0421
1993-09-30,6.128897692983784,0.19,65.3749
1993-10-31,6.148104982063913,0.26,65.863
1993-11-30,6.135110242290093,0.08,66.1696
1993-12-31,6.14515083340697,0.21,66.5531
1994-01-31,6.177134657898641,0.23,66.7591
1994-02-28,6.146628998609331,0.06,66.8019
1994-03-31,6.099803123936366,0.3,67.4704
1994-04-30,6.111267763047603,0.39,67.8707
1994-05-31,6.1235887000350235,0.33,68.187
1994-06-30,6.096432485717521,0.43,68.645
1994-07-31,6.127436708631197,0.32,68.7317
1994-08-31,6.164345851270085,0.24,69.1882
1994-09-30,6.1370572834036325,0.35,69.3935
1994-10-31,6.157720236215144,0.44,69.9576
1994-11-30,6.117414145430759,0.43,70.4288
1994-12-31,6.129638272412099,0.39,71.1273
1995-01-31,6.153625912687398,0.55,71.2635
1995-02-28,6.189064623951494,0.76,71.1758
1995-03-31,6.216027091175606,0.51,71.2796
1995-04-30,6.243603635263444,0.51,71.1538
1995-05-31,6.279271611747914,0.33,71.4997
1995-06-30,6.300326973824729,0.46,71.7327
1995-07-31,6.331608605760917,0.49,71.4334
1995-08-31,6.331288303962709,0.53,72.3723
1995-09-30,6.3706027912975625,0.41,72.6543
1995-10-31,6.365610971958719,0.43,72.5336
1995-11-30,6.405839841345903,0.46,72.717
1995-12-31,6.4231333207127825,0.31,72.9638
1996-01-31,6.455230009386571,0.28,72.5712
1996-02-29,6.462139825746757,0.5,73.6207
1996-03-31,6.470025210286697,0.38,73.5141
1996-04-30,6.483367256516873,0.34,74.2491
1996-05-31,6.505963416240268,0.33,74.8142
1996-06-30,6.508217569088763,0.29,75.3726
1996-07-31,6.4613900483018005,0.37,75.3738
1996-08-31,6.480029224385721,0.45,75.7557
1996-09-30,6.5327854277088955,0.28,76.2302
1996-10-31,6.558580708218041,0.21,76.2157
1996-11-30,6.6293896731677044,0.4,76.8973
1996-12-31,6.607649686531299,0.36,77.3772
1997-01-31,6.667160334054171,0.27,77.5135
1997-02-28,6.673070381821368,0.37,78.4255
1997-03-31,6.6295217613499675,0.51,78.9197
1997-04-30,6.686285326419936,0.39,78.9848
1997-05-31,6.7432107699708626,0.39,79.4296
1997-06-30,6.785745824587275,0.56,79.7971
1997-07-31,6.860967608483257,0.43,80.4666
1997-08-31,6.801805700972256,0.47,81.2825
1997-09-30,6.853594720022701,0.61,82.0327
1997-10-31,6.818508678467918,0.64,82.7656
1997-11-30,6.862130100955861,0.62,83.427
1997-12-31,6.877739272238541,0.58,83.784
1998-01-31,6.887838245141778,0.59,84.1564
1998-02-28,6.9559166740891545,0.81,84.3066
1998-03-31,7.004655103722096,0.64,84.342
1998-04-30,7.013690629390806,0.72,84.6339
1998-05-31,6.9946849859701965,0.7,85.1867
1998-06-30,7.03336538085865,0.74,84.6809
1998-07-31,7.021681999716016,0.7,84.3445
1998-08-31,6.864095929641722,0.71,86.0816
1998-09-30,6.924622228841909,0.5,86.0023
1998-10-31,7.001855636337233,0.44,86.591
1998-11-30,7.059299708344384,0.44,86.5115
1998-12-31,7.1141432360763055,0.58,86.8615
1999-01-31,7.154334067355465,0.47,87.2205
1999-02-28,7.121518976690086,0.64,87.726
1999-03-31,7.159579577257243,0.37,87.9125
1999-04-30,7.19682139320608,0.37,88.1082
1999-05-31,7.171533927352359,0.32,88.6483
1999-06-30,7.224542167144024,0.41,88.5903
1999-07-31,7.191971351790744,0.38,89.1098
1999-08-31,7.185697573412947,0.38,89.5007
1999-09-30,7.156730306330612,0.42,89.1304
1999-10-31,7.217392073077628,0.34,90.2709
1999-11-30,7.236274545838654,0.36,90.7528
1999-12-31,7.29250734549276,0.47,91.4784
2000-01-31,7.240262522539976,0.32,91.4092
2000-02-29,7.219949459929527,0.55,91.7245
2000-03-31,7.312273272051751,0.53,92.083
2000-04-30,7.2809932947936735,0.6,92.6659
2000-05-31,7.25883459656371,0.37,92.9347
2000-06-30,7.28248622772044,0.38,93.0018
2000-07-31,7.266009974456078,0.4,92.8373
2000-08-31,7.32493813204429,0.44,92.591
2000-09-30,7.269971839759542,0.45,92.9827
2000-10-31,7.265010054785878,0.31,92.64
2000-11-30,7.181553921075292,0.3,92.6604
2000-12-31,7.1855991142980145,0.3,92.3457
2001-01-31,7.219649360748156,0.45,91.8908
2001-02-28,7.122818270331615,0.43,91.2851
2001-03-31,7.056459726401484,0.56,91.0585
2001-04-30,7.130466736957464,0.53,90.7384
2001-05-31,7.135544024656072,0.57,90.2607
2001-06-30,7.110222541469049,0.53,89.7811
2001-07-31,7.099391651200748,0.62,89.2352
2001-08-31,7.033136045313282,0.54,89.157
2001-09-30,6.947879430066291,0.55,88.6749
2001-10-31,6.965816618395407,0.5,88.4051
2001-11-30,7.03830096882878,0.69,87.886
2001-12-31,7.045848929662683,0.62,87.8518
2002-01-31,7.030153969650691,0.68,88.4634
2002-02-28,7.009168097928878,0.68,88.4578
2002-03-31,7.045242033339703,0.83,89.1265
2002-04-30,6.981864072064093,0.56,89.5507
2002-05-31,6.9727356674819445,0.65,89.9348
2002-06-30,6.897517408474404,0.58,90.6736
2002-07-31,6.815222137873978,0.64,90.6436
2002-08-31,6.820096096211644,0.56,90.5505
2002-09-30,6.703537307234868,0.61,90.6373
2002-10-31,6.7864487909514635,0.57,90.3988
2002-11-30,6.841950510838765,0.57,90.8947
2002-12-31,6.779716333616122,0.51,90.3906
2003-01-31,6.751919739325371,0.72,91.1369
2003-02-28,6.73477023796274,0.62,91.2505
2003-03-31,6.743092041628077,0.59,91.0006
2003-04-30,6.821015873623052,0.58,90.4311
2003-05-31,6.870662557591482,0.6,90.4
2003-06-30,6.881925438187829,0.49,90.5196
2003-07-31,6.898016898808836,0.58,90.9869
2003-08-31,6.915735407885198,0.64,90.7933
2003-09-30,6.90371243760088,0.69,91.3819
2003-10-31,6.957225552776959,0.75,91.5049
2003-11-30,6.964328892415211,0.56,92.1265
2003-12-31,7.0138396823700075,0.74,92.1732
2004-01-31,7.030969901272745,0.62,92.3268
2004-02-29,7.043109359251854,0.71,92.8995
2004-03-31,7.026614719995245,0.67,92.5368
2004-04-30,7.009684224532329,0.62,92.8957
2004-05-31,7.021693742622252,0.4,93.5845
2004-06-30,7.039516253591136,0.44,92.8651
2004-07-31,7.004627357478312,0.37,93.5502
2004-08-31,7.006909350650031,0.49,93.6301
2004-09-30,7.0162357521070335,0.55,93.7353
2004-10-31,7.030149077604192,0.62,94.5695
2004-11-30,7.06802233586689,0.7,94.8015
2004-12-31,7.099958106488888,0.53,95.5415
2005-01-31,7.074343814140101,0.76,95.8785
2005-02-28,7.093072440302579,0.63,96.5709
2005-03-31,7.073770356525837,0.75,96.4345
2005-04-30,7.05345393026338,0.69,96.6347
2005-05-31,7.082968080844271,0.67,96.7251
2005-06-30,7.082823604577505,0.67,97.1483
2005-07-31,7.118161621768548,0.64,96.8397
2005-08-31,7.106877404209912,0.6,97.1584
2005-09-30,7.113802622604438,0.7,95.2764
2005-10-31,7.095898045443806,0.74,96.4411
2005-11-30,7.1304820450534425,0.77,97.5016
2005-12-31,7.129532271379903,0.72,97.9723
2006-01-31,7.154681679714257,0.6,98.127
2006-02-28,7.155134217594676,0.76,98.1687
2006-03-31,7.1661330247557204,0.66,98.3913
2006-04-30,7.1782494552071,0.55,98.6826
2006-05-31,7.14684293442976,0.55,98.7074
2006-06-30,7.146933096426066,0.64,99.0398
2006-07-31,7.15200284728025,0.56,98.9751
2006-08-31,7.173052515003491,0.71,99.4047
2006-09-30,7.1973208213403606,0.67,99.2246
2006-10-31,7.2283467758140345,0.68,99.1229
2006-11-30,7.244680530119634,0.69,99.0963
2006-12-31,7.257214592964256,0.78,100.1125
2007-01-31,7.27117743013757,0.92,99.7546
2007-02-28,7.249086412734868,0.71,100.7166
2007-03-31,7.259020252987506,0.68,100.8952
2007-04-30,7.301395630070851,0.78,101.5723
2007-05-31,7.333428919577521,0.64,101.6269
2007-06-30,7.315450296326967,0.59,101.6547
2007-07-31,7.282950012634621,0.59,101.4953
2007-08-31,7.295726871901544,0.57,101.6943
2007-09-30,7.330894430296464,0.6,101.9428
2007-10-31,7.345608398875468,0.61,101.6446
2007-11-30,7.300569472661722,0.57,102.2167
2007-12-31,7.291898124052387,0.48,102.2764
2008-01-31,7.228785537456064,0.28,102.1493
2008-02-29,7.193410011017397,0.32,101.7756
2008-03-31,7.187432980257474,0.7,101.4508
2008-04-30,7.233878805514854,0.52,100.7554
2008-05-31,7.244496535842732,0.51,100.1336
2008-06-30,7.1546163170694514,0.48,99.8728
2008-07-31,7.144707774443645,0.59,99.4194
2008-08-31,7.156822269109258,0.53,97.8491
2008-09-30,7.061644282860945,0.61,93.5576
2008-10-31,6.876010472376113,0.68,94.4985
2008-11-30,6.798205038895903,0.7,93.2617
2008-12-31,6.8060048185598205,0.59,90.6266
2009-01-31,6.716451485531773,0.67,88.3712
2009-02-28,6.599995908491621,0.55,87.843
2009-03-31,6.681941672992381,0.53,86.4689
2009-04-30,6.771714716450652,0.58,85.7903
2009-05-31,6.823438301417869,0.62,84.9436
2009-06-30,6.823638553933175,0.68,84.6746
2009-07-31,6.895151360358094,0.74,85.6853
2009-08-31,6.928170108060245,0.71,86.6393
2009-09-30,6.96326430477361,0.76,87.3821
2009-10-31,6.943310182218556,0.69,87.5809
2009-11-30,6.9990844158493895,0.76,87.9388
2009-12-31,7.016701770237101,0.72,88.2404
2010-01-31,6.979023632661361,0.77,89.1897
2010-02-28,7.007142020125994,0.84,89.5046
2010-03-31,7.064272749748737,0.89,90.1356
2010-04-30,7.078922672916187,0.88,90.4607
2010-05-31,6.993387729355968,0.78,91.7014
2010-06-30,6.938003244666867,0.7,91.9033
2010-07-31,7.004516543635231,0.67,92.2549
2010-08-31,6.955903767798158,0.65,92.5936
2010-09-30,7.039836633183906,0.65,92.8533
2010-10-31,7.076026704999943,0.69,92.6033
2010-11-30,7.073738236501081,0.77,92.6686
2010-12-31,7.136989037677714,0.51,93.5916
2011-01-31,7.159385922150734,0.56,93.3889
2011-02-28,7.190844966558211,0.51,93.0045
2011-03-31,7.189791481965074,0.65,93.9684
2011-04-30,7.217892494462439,0.66,93.6571
2011-05-31,7.204295998746103,0.55,93.7723
2011-06-30,7.185871026458554,0.62,94.0493
2011-07-31,7.164165549708661,0.7,94.4958
2011-08-31,7.105698860702175,0.7,95.0974
2011-09-30,7.031229078151064,0.62,95.0244
2011-10-31,7.13353237068269,0.66,95.6891
2011-11-30,7.128463921911467,0.55,95.6778
2011-12-31,7.136964242437363,0.59,96.1809
2012-01-31,7.179620113617357,0.51,96.7595
2012-02-29,7.219409740823376,0.52,97.0662
2012-03-31,7.2502577684547305,0.53,96.5609
2012-04-30,7.242734970883856,0.72,97.251
2012-05-31,7.178033535043899,0.75,97.4595
2012-06-30,7.216826032781136,0.7,97.4768
2012-07-31,7.229348742886189,0.63,97.6714
2012-08-31,7.248913425985081,0.67,97.2734
2012-09-30,7.272866687763845,0.74,97.2217
2012-10-31,7.252874290690395,0.78,97.5311
2012-11-30,7.2557194934343645,0.75,97.9084
2012-12-31,7.262760414165884,0.53,98.1884
2013-01-31,7.311960210734842,0.68,98.1736
2013-02-28,7.322958331034531,0.6,98.6434
2013-03-31,7.358312210981077,0.66,99.047
2013-04-30,7.376236293388001,0.6,98.9445
2013-05-31,7.396790336878768,0.66,99.0383
2013-06-30,7.381674736355743,0.7,99.2221
2013-07-31,7.429951026801913,0.62,98.8987
2013-08-31,7.3981564271683755,0.69,99.4897
2013-09-30,7.427469281018309,0.76,100.021
2013-10-31,7.471103882143068,0.68,99.9037
2013-11-30,7.498766012651216,0.79,100.1582
2013-12-31,7.522052156213502,0.7,100.374
2014-01-31,7.485820940439103,0.75,99.9899
2014-02-28,7.528035686320635,0.59,100.7471
2014-03-31,7.534941689621359,0.79,101.7435
2014-04-30,7.541125984509956,0.79,101.8273
2014-05-31,7.561939496888287,0.83,102.2392
2014-06-30,7.580817724857355,0.72,102.5774
2014-07-31,7.565624376916723,0.65,102.7954
2014-08-31,7.602584890960301,0.82,102.6322
2014-09-30,7.586948121565447,0.85,102.9417
2014-10-31,7.609889208973016,0.78,102.9611
2014-11-30,7.634125436121084,0.67,103.5978
2014-12-31,7.629928294053399,0.8,103.6151
2015-01-31,7.598394523297378,0.83,102.7923
2015-02-28,7.651834732044073,0.87,102.1366
2015-03-31,7.634282708513117,0.93,101.7869
2015-04-30,7.642770460247074,0.81,101.2255
2015-05-31,7.65320529372281,0.82,100.7675
2015-06-30,7.631970720036347,0.86,100.4588
2015-07-31,7.651517322221877,0.79,101.0893
2015-08-31,7.5868971864566745,0.84,100.9165
2015-09-30,7.560094294092872,0.93,100.633
2015-10-31,7.639815354651173,1.07,100.1563
2015-11-30,7.640318744435349,1.05,99.4366
2015-12-31,7.622633061903273,1.13,98.9471
2016-01-31,7.570566789787099,1.21,99.4391
2016-02-29,7.566428189584245,1.34,98.9232
2016-03-31,7.63033561165697,1.33,98.1635
2016-04-30,7.633028982268904,1.14,98.4775
2016-05-31,7.648245956364162,0.96,98.2549
2016-06-30,7.649147345074136,0.84,98.7315
2016-07-31,7.684141833966285,0.87,98.8452
2016-08-31,7.682918737520866,1.0,98.7427
2016-09-30,7.681685857452251,0.95,98.6552
2016-10-31,7.662069662134942,0.87,98.7237
2016-11-30,7.695671788112744,0.93,98.3443
2016-12-31,7.713707204937967,0.9,99.0406
2017-01-31,7.731433620782593,1.04,98.8158
2017-02-28,7.767957319858794,1.1,98.4356
2017-03-31,7.767568023356182,1.11,99.0492
2017-04-30,7.776617037406285,0.95,100.0416
2017-05-31,7.788127526124138,0.91,100.128
2017-06-30,7.792930460603104,0.77,100.337
2017-07-31,7.812094889856766,0.85,100.0865
2017-08-31,7.81264130694716,0.87,99.6323
2017-09-30,7.831760049804299,0.86,99.7482
2017-10-31,7.853707266101775,0.91,100.9893
2017-11-30,7.8814012666327065,0.89,101.2493
2017-12-31,7.891185093725065,0.96,101.4871
2018-01-31,7.945842293586161,0.84,101.4852
2018-02-28,7.906116398872797,0.89,101.7319
2018-03-31,7.878862168866578,0.88,102.1943
2018-04-30,7.881578559254733,0.9,103.3551
2018-05-31,7.902958758026387,0.83,102.381
2018-06-30,7.907788989613405,0.79,103.2256
2018-07-31,7.943175208829472,0.84,103.3561
2018-08-31,7.972989215978122,0.81,104.0585
2018-09-30,7.977274485011158,0.82,104.1038
2018-10-31,7.9053473997812045,1.01,103.9297
2018-11-30,7.923049093312367,0.84,104.0126
2018-12-31,7.826781140177538,0.94,104.0451
2019-01-31,7.902524633216635,0.92,103.3598
2019-02-28,7.931820499774774,0.91,102.8251
2019-03-31,7.949585490045757,1.15,102.8361
2019-04-30,7.9881461910979015,1.04,102.2748
2019-05-31,7.920106049809596,0.91,102.4176
2019-06-30,7.986763537212405,0.91,102.5425
2019-07-31,7.9998057036336,0.92,102.0057
2019-08-31,7.981548141094324,0.93,102.7814
2019-09-30,7.998583104517994,0.94,102.4601
2019-10-31,8.018811300592532,1.02,101.5878
2019-11-30,8.052290332057035,0.98,102.1494
2019-12-31,8.080479476700981,1.11,101.9421
2020-01-31,8.078848314400055,1.16,101.3372
2020-02-29,7.9909911826348194,1.21,101.6718
2020-03-31,7.857322461063421,1.14,97.606
2020-04-30,7.97674324351219,1.13,84.6812
2020-05-31,8.021027961985988,0.99,86.0108
2020-06-30,8.039249363340378,0.93,91.6745
2020-07-31,8.092889204736865,0.91,95.0037
2020-08-31,8.160606392164077,0.9,95.9294
2020-09-30,8.120588410818428,1.0,95.8914
2020-10-31,8.092532751886418,0.9,96.5256
2020-11-30,8.194680427082016,1.06,96.9529
2020-12-31,8.231128868102395,0.83,98.2039
2021-01-31,8.219930084419678,0.84,98.8135
2021-02-28,8.245686194250382,0.66,95.5072
2021-03-31,8.28724962431138,0.88,98.1929
2021-04-30,8.338347561383376,0.8,98.3317
2021-05-31,8.343818027084044,0.81,99.1867
2021-06-30,8.365787953545237,0.84,99.6483
2021-07-31,8.388282870204144,0.9,100.0668
2021-08-31,8.416860043784268,0.88,100.0412
2021-09-30,8.368121964531092,0.93,98.9955
2021-10-31,8.434979736441331,0.99,100.3542
2021-11-30,8.426612140314353,0.93,101.2684
2021-12-31,8.469301048025418,0.89,101.1948
2022-01-31,8.415282274600427,0.92,101.2146
2022-02-28,8.383419483721504,0.9,101.8458
2022-03-31,8.418567722107772,1.07,102.6732
2022-04-30,8.326499889147337,0.88,102.9024
2022-05-31,8.32655313161354,0.82,102.9659
2022-06-30,8.238901557133367,0.92,102.8224
2022-07-01,8.32610291086516,0.9,103.0505
2022-08-01,8.282735880201754,0.92,103.1703
2022-09-01,8.184686713580762,0.88,103.5326
2022-10-01,8.261521278049617,0.96,103.4442
2022-11-01,8.313879254147267,0.75,103.1058
2022-12-01,8.253097428770598,0.83,101.8266
2023-01-01,8.313018610604948,0.89,102.7476
2023-02-01,8.286559131745154,1.02,102.8003
2023-03-01,8.321010424443418,1.23,102.8143
2023-04-01,8.33554660209298,0.99,103.2241
2023-05-01,8.338025873526252,0.97,102.9809
2023-06-01,8.400744738440896,1.07,102.3809
2023-07-01,8.431408689348599,1.18,103.0722
2023-08-01,8.413533485505605,1.26,103.0951
2023-09-01,8.363587317582322,1.42,103.3081
2023-10-01,8.341362476580919,1.37,102.5781
2023-11-01,8.426786924781672,1.42,102.8868
2023-12-01,8.47006596021328,1.38,102.6309
